<?xml version="1.0" encoding="UTF-8" standalone="yes"?>
<addon id="plugin.video.overseaplayer"
  name="oversea chinese cinema"
  version="1.0.7"
  provider-name="martin">
  <requires>
    <import addon="script.module.requests" version="1.1.0"/>
    <import addon="xbmc.python" version="2.1.0"/>
    <import addon="script.module.beautifulsoup4" version="4.3.2"/>
    <import addon="script.module.js2py" version="0.4.3"/>
  </requires>
  <extension point="xbmc.python.pluginsource" library="addon.py">
  <provides>video</provides>
  </extension>
  
  <extension point="xbmc.addon.metadata">
    <platform>all</platform>
    <summary>XBMC Player for oversea chinese</summary>
    <description>Search and play all the movie on dnvod olevod, fork from plugin.video.dnvodPlayer</description>
    <disclaimer>For personal use only</disclaimer>
  </extension>
</addon>
