<?xml version="1.0" encoding="UTF-8" standalone="yes"?>
<addon version="0.0.2" id="repo.oversea" name="oversea" provider-name="martin">
	<extension point="xbmc.addon.repository" name="jdollar's Addons">
		<info compressed="false">http://raw.github.com/jdollarKodi/repository.jdollar/master/addons.xml</info>
		<checksum>http://raw.github.com/jdollarKodi/repository.jdollar/master/addons.xml.md5</checksum>
		<datadir zip="true">http://raw.github.com/jdollarKodi/repository.jdollar/master/pluginStore/</datadir>
	</extension>
        <extension point="xbmc.addon.repository" name="martin's Addons">
                <info compressed="false">http://raw.github.com/zhuangxm/repo.oversea/master/pluninStore/addons.xml</info>
                <checksum>http://raw.github.com/zhuangxm/repo.oversea/master/pluginStore/addons.xml.md5</checksum>
                <datadir zip="true">http://raw.github.com/zhuangxm/repo.oversea/master/pluginStore/</datadir>
        </extension>	
	<extension point="xbmc.addon.metadata">
		<summary>martin's Addons</summary>
		<description>Repository that houses martin's addons</description>
		<platform>all</platform>
	</extension>
</addon>
